user_id,群体ID,画像名称,生命周期阶段,会员状态,历史实付分层,平均客单价,用券率,付费券使用率,总打单数,总GMV,动态_总交互频次PV,动态_平均Session深度,动态_搜索_至_点击率,动态_点击_至_加购率,动态_下午茶活跃度,动态_周末活跃度,动态_夜宵活跃度,动态_纯外卖场景占比,动态_饮品甜点偏好,动态_休闲商场偏好,免费券使用率,补贴覆盖率,总补贴,动态_超市生鲜偏好
USER000001,0,高客单品质/闪购家庭党,2,4,3,28.08333333,0.5,0.0,6,168.5,32.333333333333336,1.0,1.0,0.010666666666666666,0.4403333333333333,0.19999999999999998,0.0,0.39799999999999996,0.243,0.08133333333333333,0.5,0.097922849,16.5,0.0
USER000002,0,高客单品质/闪购家庭党,2,5,2,77.92857143,0.857142857,0.0,7,545.5,32.333333333333336,1.0,1.0,0.010666666666666666,0.4403333333333333,0.19999999999999998,0.0,0.39799999999999996,0.243,0.08133333333333333,0.857142857,0.120073327,65.5,0.0
USER000003,1,极致神券外卖羊毛党,1,2,0,40.66666667,0.666666667,0.333333333,3,122.0,99.0,1.0,1.0,0.06533333333333334,0.164,0.2743333333333333,0.07066666666666667,0.7959999999999999,0.2836666666666667,0.06166666666666667,0.333333333,0.131147541,16.0,0.05466666666666666
USER000004,3,早午餐刚需/免费白嫖党,0,2,0,38.16666667,1.0,0.333333333,3,114.5,14.0,1.0,0.0,0.0,0.143,0.071,0.143,0.357,0.0,0.0,0.666666667,0.266375546,30.5,0.0
USER000005,0,高客单品质/闪购家庭党,2,4,3,30.21428571,0.571428571,0.142857143,7,211.5,32.333333333333336,1.0,1.0,0.010666666666666666,0.4403333333333333,0.19999999999999998,0.0,0.39799999999999996,0.243,0.08133333333333333,0.428571429,0.165484634,35.0,0.0
USER000006,0,高客单品质/闪购家庭党,1,1,0,93.0,0.666666667,0.666666667,3,279.0,32.333333333333336,1.0,1.0,0.010666666666666666,0.4403333333333333,0.19999999999999998,0.0,0.39799999999999996,0.243,0.08133333333333333,0.0,0.032258065,9.0,0.0
USER000007,0,高客单品质/闪购家庭党,2,3,1,46.66666667,0.666666667,0.333333333,3,140.0,32.333333333333336,1.0,1.0,0.010666666666666666,0.4403333333333333,0.19999999999999998,0.0,0.39799999999999996,0.243,0.08133333333333333,0.333333333,0.182142857,25.5,0.0
USER000008,0,高客单品质/闪购家庭党,2,4,3,76.71428571,0.428571429,0.285714286,7,537.0,32.333333333333336,1.0,1.0,0.010666666666666666,0.4403333333333333,0.19999999999999998,0.0,0.39799999999999996,0.243,0.08133333333333333,0.142857143,0.039106145,21.0,0.0
USER000009,0,高客单品质/闪购家庭党,2,6,3,39.83333333,0.444444444,0.111111111,9,358.5,32.333333333333336,1.0,1.0,0.010666666666666666,0.4403333333333333,0.19999999999999998,0.0,0.39799999999999996,0.243,0.08133333333333333,0.333333333,0.092050209,33.0,0.0
USER000010,2,线下到店体验/价格钝感党,1,2,0,18.66666667,0.333333333,0.0,3,56.0,70.0,1.0,1.0,0.0,0.171,0.043,0.029,0.0,0.129,0.486,0.333333333,0.080357143,4.5,0.0
USER000011,1,极致神券外卖羊毛党,2,5,2,34.78571429,0.571428571,0.428571429,7,243.5,99.0,1.0,1.0,0.06533333333333334,0.164,0.2743333333333333,0.07066666666666667,0.7959999999999999,0.2836666666666667,0.06166666666666667,0.142857143,0.149897331,36.5,0.05466666666666666
USER000012,0,高客单品质/闪购家庭党,2,4,1,32.4,0.6,0.4,5,162.0,32.333333333333336,1.0,1.0,0.010666666666666666,0.4403333333333333,0.19999999999999998,0.0,0.39799999999999996,0.243,0.08133333333333333,0.2,0.148148148,24.0,0.0
USER000013,0,高客单品质/闪购家庭党,2,3,1,61.35714286,0.714285714,0.428571429,7,429.5,32.333333333333336,1.0,1.0,0.010666666666666666,0.4403333333333333,0.19999999999999998,0.0,0.39799999999999996,0.243,0.08133333333333333,0.285714286,0.107101281,46.0,0.0
USER000014,3,早午餐刚需/免费白嫖党,1,1,0,109.0,0.666666667,0.0,3,327.0,14.0,1.0,0.0,0.0,0.143,0.071,0.143,0.357,0.0,0.0,0.666666667,0.03058104,10.0,0.0
USER000015,2,线下到店体验/价格钝感党,0,2,0,25.5,0.25,0.25,4,102.0,70.0,1.0,1.0,0.0,0.171,0.043,0.029,0.0,0.129,0.486,0.0,0.053921569,5.5,0.0
USER000016,1,极致神券外卖羊毛党,2,4,1,30.3,1.0,0.4,5,151.5,99.0,1.0,1.0,0.06533333333333334,0.164,0.2743333333333333,0.07066666666666667,0.7959999999999999,0.2836666666666667,0.06166666666666667,0.6,0.458745875,69.5,0.05466666666666666
USER000017,2,线下到店体验/价格钝感党,2,3,3,40.16666667,0.333333333,0.333333333,3,120.5,70.0,1.0,1.0,0.0,0.171,0.043,0.029,0.0,0.129,0.486,0.0,0.107883817,13.0,0.0
USER000018,1,极致神券外卖羊毛党,2,4,1,22.83333333,0.555555556,0.333333333,9,205.5,99.0,1.0,1.0,0.06533333333333334,0.164,0.2743333333333333,0.07066666666666667,0.7959999999999999,0.2836666666666667,0.06166666666666667,0.222222222,0.167883212,34.5,0.05466666666666666
USER000019,1,极致神券外卖羊毛党,2,3,1,30.66666667,0.666666667,0.666666667,3,92.0,99.0,1.0,1.0,0.06533333333333334,0.164,0.2743333333333333,0.07066666666666667,0.7959999999999999,0.2836666666666667,0.06166666666666667,0.0,0.309782609,28.5,0.05466666666666666
USER000020,3,早午餐刚需/免费白嫖党,2,4,1,38.42857143,1.0,0.428571429,7,269.0,14.0,1.0,0.0,0.0,0.143,0.071,0.143,0.357,0.0,0.0,0.571428571,0.167286245,45.0,0.0
USER000021,2,线下到店体验/价格钝感党,1,2,0,44.5,0.0,0.0,4,178.0,70.0,1.0,1.0,0.0,0.171,0.043,0.029,0.0,0.129,0.486,0.0,0.0,0.0,0.0
USER000022,0,高客单品质/闪购家庭党,2,5,2,97.0,0.777777778,0.222222222,9,873.0,32.333333333333336,1.0,1.0,0.010666666666666666,0.4403333333333333,0.19999999999999998,0.0,0.39799999999999996,0.243,0.08133333333333333,0.555555556,0.080756014,70.5,0.0
USER000023,3,早午餐刚需/免费白嫖党,2,4,1,35.5,0.625,0.125,8,284.0,14.0,1.0,0.0,0.0,0.143,0.071,0.143,0.357,0.0,0.0,0.5,0.142605634,40.5,0.0
USER000024,0,高客单品质/闪购家庭党,2,3,1,84.4,0.7,0.2,10,844.0,32.333333333333336,1.0,1.0,0.010666666666666666,0.4403333333333333,0.19999999999999998,0.0,0.39799999999999996,0.243,0.08133333333333333,0.5,0.081753555,69.0,0.0
USER000025,2,线下到店体验/价格钝感党,1,1,0,145.8333333,0.333333333,0.333333333,3,437.5,70.0,1.0,1.0,0.0,0.171,0.043,0.029,0.0,0.129,0.486,0.0,0.016,7.0,0.0
USER000026,0,高客单品质/闪购家庭党,0,2,0,32.125,0.5,0.0,4,128.5,32.333333333333336,1.0,1.0,0.010666666666666666,0.4403333333333333,0.19999999999999998,0.0,0.39799999999999996,0.243,0.08133333333333333,0.5,0.26459144,34.0,0.0
USER000027,0,高客单品质/闪购家庭党,2,4,1,61.1,0.8,0.2,5,305.5,32.333333333333336,1.0,1.0,0.010666666666666666,0.4403333333333333,0.19999999999999998,0.0,0.39799999999999996,0.243,0.08133333333333333,0.6,0.137479542,42.0,0.0
USER000028,3,早午餐刚需/免费白嫖党,2,6,2,36.375,0.75,0.25,4,145.5,14.0,1.0,0.0,0.0,0.143,0.071,0.143,0.357,0.0,0.0,0.5,0.158075601,23.0,0.0
USER000029,1,极致神券外卖羊毛党,2,4,1,32.33333333,0.666666667,0.333333333,3,97.0,99.0,1.0,1.0,0.06533333333333334,0.164,0.2743333333333333,0.07066666666666667,0.7959999999999999,0.2836666666666667,0.06166666666666667,0.333333333,0.309278351,30.0,0.05466666666666666
USER000030,0,高客单品质/闪购家庭党,2,3,1,91.6,0.6,0.4,10,916.0,32.333333333333336,1.0,1.0,0.010666666666666666,0.4403333333333333,0.19999999999999998,0.0,0.39799999999999996,0.243,0.08133333333333333,0.2,0.066048035,60.5,0.0
USER000031,1,极致神券外卖羊毛党,2,4,2,49.83333333,0.777777778,0.666666667,9,448.5,99.0,1.0,1.0,0.06533333333333334,0.164,0.2743333333333333,0.07066666666666667,0.7959999999999999,0.2836666666666667,0.06166666666666667,0.111111111,0.192865106,86.5,0.05466666666666666
USER000032,3,早午餐刚需/免费白嫖党,1,2,0,19.625,0.5,0.0,4,78.5,14.0,1.0,0.0,0.0,0.143,0.071,0.143,0.357,0.0,0.0,0.5,0.171974522,13.5,0.0
USER000033,0,高客单品质/闪购家庭党,2,5,1,102.1666667,0.555555556,0.222222222,9,919.5,32.333333333333336,1.0,1.0,0.010666666666666666,0.4403333333333333,0.19999999999999998,0.0,0.39799999999999996,0.243,0.08133333333333333,0.333333333,0.039151713,36.0,0.0
USER000034,0,高客单品质/闪购家庭党,2,4,2,82.5,0.7,0.2,10,825.0,32.333333333333336,1.0,1.0,0.010666666666666666,0.4403333333333333,0.19999999999999998,0.0,0.39799999999999996,0.243,0.08133333333333333,0.5,0.061212121,50.5,0.0
USER000035,0,高客单品质/闪购家庭党,2,3,1,108.5,0.7,0.4,10,1085.0,32.333333333333336,1.0,1.0,0.010666666666666666,0.4403333333333333,0.19999999999999998,0.0,0.39799999999999996,0.243,0.08133333333333333,0.3,0.046543779,50.5,0.0
USER000036,1,极致神券外卖羊毛党,1,1,0,21.2,0.8,0.4,5,106.0,99.0,1.0,1.0,0.06533333333333334,0.164,0.2743333333333333,0.07066666666666667,0.7959999999999999,0.2836666666666667,0.06166666666666667,0.4,0.424528302,45.0,0.05466666666666666
USER000037,3,早午餐刚需/免费白嫖党,0,2,0,23.0,1.0,0.25,4,92.0,14.0,1.0,0.0,0.0,0.143,0.071,0.143,0.357,0.0,0.0,0.75,0.331521739,30.5,0.0
USER000038,0,高客单品质/闪购家庭党,2,4,2,41.875,0.75,0.5,4,167.5,32.333333333333336,1.0,1.0,0.010666666666666666,0.4403333333333333,0.19999999999999998,0.0,0.39799999999999996,0.243,0.08133333333333333,0.25,0.137313433,23.0,0.0
USER000039,2,线下到店体验/价格钝感党,2,6,2,25.5,0.5,0.25,4,102.0,70.0,1.0,1.0,0.0,0.171,0.043,0.029,0.0,0.129,0.486,0.25,0.132352941,13.5,0.0
USER000040,2,线下到店体验/价格钝感党,1,2,2,27.25,0.0,0.0,2,54.5,70.0,1.0,1.0,0.0,0.171,0.043,0.029,0.0,0.129,0.486,0.0,0.0,0.0,0.0
USER000041,0,高客单品质/闪购家庭党,2,3,1,75.7,0.6,0.3,10,757.0,32.333333333333336,1.0,1.0,0.010666666666666666,0.4403333333333333,0.19999999999999998,0.0,0.39799999999999996,0.243,0.08133333333333333,0.3,0.042272127,32.0,0.0
USER000042,0,高客单品质/闪购家庭党,2,4,2,57.27777778,0.444444444,0.222222222,9,515.5,32.333333333333336,1.0,1.0,0.010666666666666666,0.4403333333333333,0.19999999999999998,0.0,0.39799999999999996,0.243,0.08133333333333333,0.222222222,0.06013579,31.0,0.0
USER000043,2,线下到店体验/价格钝感党,1,2,0,18.875,0.25,0.25,4,75.5,70.0,1.0,1.0,0.0,0.171,0.043,0.029,0.0,0.129,0.486,0.0,0.059602649,4.5,0.0
USER000044,0,高客单品质/闪购家庭党,2,5,1,35.11111111,0.555555556,0.333333333,9,316.0,32.333333333333336,1.0,1.0,0.010666666666666666,0.4403333333333333,0.19999999999999998,0.0,0.39799999999999996,0.243,0.08133333333333333,0.222222222,0.121835443,38.5,0.0
USER000045,0,高客单品质/闪购家庭党,2,4,1,71.2,0.8,0.2,10,712.0,32.333333333333336,1.0,1.0,0.010666666666666666,0.4403333333333333,0.19999999999999998,0.0,0.39799999999999996,0.243,0.08133333333333333,0.6,0.139044944,99.0,0.0
USER000046,0,高客单品质/闪购家庭党,2,3,1,48.04545455,0.636363636,0.272727273,11,528.5,32.333333333333336,1.0,1.0,0.010666666666666666,0.4403333333333333,0.19999999999999998,0.0,0.39799999999999996,0.243,0.08133333333333333,0.363636364,0.120151372,63.5,0.0
USER000047,3,早午餐刚需/免费白嫖党,1,1,0,56.2,0.8,0.2,5,281.0,14.0,1.0,0.0,0.0,0.143,0.071,0.143,0.357,0.0,0.0,0.6,0.120996441,34.0,0.0
USER000048,0,高客单品质/闪购家庭党,0,2,0,58.375,0.75,0.0,4,233.5,32.333333333333336,1.0,1.0,0.010666666666666666,0.4403333333333333,0.19999999999999998,0.0,0.39799999999999996,0.243,0.08133333333333333,0.75,0.113490364,26.5,0.0
USER000049,0,高客单品质/闪购家庭党,2,4,1,120.125,0.5,0.0,4,480.5,32.333333333333336,1.0,1.0,0.010666666666666666,0.4403333333333333,0.19999999999999998,0.0,0.39799999999999996,0.243,0.08133333333333333,0.5,0.041623309,20.0,0.0
USER000050,2,线下到店体验/价格钝感党,2,6,2,87.375,0.25,0.25,4,349.5,70.0,1.0,1.0,0.0,0.171,0.043,0.029,0.0,0.129,0.486,0.0,0.022889843,8.0,0.0
USER000051,2,线下到店体验/价格钝感党,1,2,1,203.0,0.0,0.0,2,406.0,70.0,1.0,1.0,0.0,0.171,0.043,0.029,0.0,0.129,0.486,0.0,0.0,0.0,0.0
USER000052,0,高客单品质/闪购家庭党,2,3,1,64.54545455,0.818181818,0.454545455,11,710.0,32.333333333333336,1.0,1.0,0.010666666666666666,0.4403333333333333,0.19999999999999998,0.0,0.39799999999999996,0.243,0.08133333333333333,0.363636364,0.111267606,79.0,0.0
USER000053,0,高客单品质/闪购家庭党,2,4,1,94.5625,0.875,0.25,8,756.5,32.333333333333336,1.0,1.0,0.010666666666666666,0.4403333333333333,0.19999999999999998,0.0,0.39799999999999996,0.243,0.08133333333333333,0.625,0.10376735,78.5,0.0
USER000054,1,极致神券外卖羊毛党,1,2,0,18.5,0.75,0.75,4,74.0,99.0,1.0,1.0,0.06533333333333334,0.164,0.2743333333333333,0.07066666666666667,0.7959999999999999,0.2836666666666667,0.06166666666666667,0.0,0.277027027,20.5,0.05466666666666666
USER000055,0,高客单品质/闪购家庭党,2,5,1,91.42857143,0.571428571,0.285714286,7,640.0,32.333333333333336,1.0,1.0,0.010666666666666666,0.4403333333333333,0.19999999999999998,0.0,0.39799999999999996,0.243,0.08133333333333333,0.285714286,0.10546875,67.5,0.0
USER000056,0,高客单品质/闪购家庭党,2,4,1,61.66666667,0.555555556,0.111111111,9,555.0,32.333333333333336,1.0,1.0,0.010666666666666666,0.4403333333333333,0.19999999999999998,0.0,0.39799999999999996,0.243,0.08133333333333333,0.444444444,0.071171171,39.5,0.0
USER000057,2,线下到店体验/价格钝感党,2,3,1,95.72727273,0.363636364,0.181818182,11,1053.0,70.0,1.0,1.0,0.0,0.171,0.043,0.029,0.0,0.129,0.486,0.181818182,0.026115859,27.5,0.0
USER000058,3,早午餐刚需/免费白嫖党,1,1,0,49.1,0.8,0.0,5,245.5,14.0,1.0,0.0,0.0,0.143,0.071,0.143,0.357,0.0,0.0,0.8,0.146639511,36.0,0.0
USER000059,0,高客单品质/闪购家庭党,0,2,0,47.5,0.75,0.25,4,190.0,32.333333333333336,1.0,1.0,0.010666666666666666,0.4403333333333333,0.19999999999999998,0.0,0.39799999999999996,0.243,0.08133333333333333,0.5,0.105263158,20.0,0.0
USER000060,3,早午餐刚需/免费白嫖党,2,4,2,53.5,0.75,0.0,4,214.0,14.0,1.0,0.0,0.0,0.143,0.071,0.143,0.357,0.0,0.0,0.75,0.175233645,37.5,0.0
USER000061,1,极致神券外卖羊毛党,2,6,2,43.5,0.75,0.5,4,174.0,99.0,1.0,1.0,0.06533333333333334,0.164,0.2743333333333333,0.07066666666666667,0.7959999999999999,0.2836666666666667,0.06166666666666667,0.25,0.183908046,32.0,0.05466666666666666
USER000062,3,早午餐刚需/免费白嫖党,1,2,2,35.25,1.0,0.5,2,70.5,14.0,1.0,0.0,0.0,0.143,0.071,0.143,0.357,0.0,0.0,0.5,0.177304965,12.5,0.0
USER000063,0,高客单品质/闪购家庭党,2,3,1,52.31818182,0.636363636,0.181818182,11,575.5,32.333333333333336,1.0,1.0,0.010666666666666666,0.4403333333333333,0.19999999999999998,0.0,0.39799999999999996,0.243,0.08133333333333333,0.454545455,0.117289314,67.5,0.0
USER000064,0,高客单品质/闪购家庭党,2,4,2,41.25,0.75,0.125,8,330.0,32.333333333333336,1.0,1.0,0.010666666666666666,0.4403333333333333,0.19999999999999998,0.0,0.39799999999999996,0.243,0.08133333333333333,0.625,0.151515152,50.0,0.0
USER000065,0,高客单品质/闪购家庭党,1,2,0,25.75,0.75,0.25,4,103.0,32.333333333333336,1.0,1.0,0.010666666666666666,0.4403333333333333,0.19999999999999998,0.0,0.39799999999999996,0.243,0.08133333333333333,0.5,0.218446602,22.5,0.0
USER000066,1,极致神券外卖羊毛党,2,5,1,36.42857143,1.0,0.428571429,7,255.0,99.0,1.0,1.0,0.06533333333333334,0.164,0.2743333333333333,0.07066666666666667,0.7959999999999999,0.2836666666666667,0.06166666666666667,0.571428571,0.223529412,57.0,0.05466666666666666
USER000067,0,高客单品质/闪购家庭党,2,4,2,76.0,0.7,0.3,10,760.0,32.333333333333336,1.0,1.0,0.010666666666666666,0.4403333333333333,0.19999999999999998,0.0,0.39799999999999996,0.243,0.08133333333333333,0.4,0.100657895,76.5,0.0
USER000068,0,高客单品质/闪购家庭党,2,3,1,43.40909091,0.454545455,0.090909091,11,477.5,32.333333333333336,1.0,1.0,0.010666666666666666,0.4403333333333333,0.19999999999999998,0.0,0.39799999999999996,0.243,0.08133333333333333,0.363636364,0.164397906,78.5,0.0
USER000069,3,早午餐刚需/免费白嫖党,1,1,0,103.6,0.8,0.0,5,518.0,14.0,1.0,0.0,0.0,0.143,0.071,0.143,0.357,0.0,0.0,0.8,0.045366795,23.5,0.0
USER000070,0,高客单品质/闪购家庭党,0,2,0,31.5,0.5,0.0,4,126.0,32.333333333333336,1.0,1.0,0.010666666666666666,0.4403333333333333,0.19999999999999998,0.0,0.39799999999999996,0.243,0.08133333333333333,0.5,0.158730159,20.0,0.0
USER000071,1,极致神券外卖羊毛党,2,4,2,37.375,1.0,0.5,4,149.5,99.0,1.0,1.0,0.06533333333333334,0.164,0.2743333333333333,0.07066666666666667,0.7959999999999999,0.2836666666666667,0.06166666666666667,0.5,0.284280936,42.5,0.05466666666666666
USER000072,3,早午餐刚需/免费白嫖党,2,6,2,39.0,0.5,0.0,4,156.0,14.0,1.0,0.0,0.0,0.143,0.071,0.143,0.357,0.0,0.0,0.5,0.121794872,19.0,0.0
USER000073,1,极致神券外卖羊毛党,1,3,1,35.5,1.0,1.0,1,35.5,99.0,1.0,1.0,0.06533333333333334,0.164,0.2743333333333333,0.07066666666666667,0.7959999999999999,0.2836666666666667,0.06166666666666667,0.0,0.352112676,12.5,0.05466666666666666
USER000074,0,高客单品质/闪购家庭党,2,3,1,55.875,0.625,0.25,8,447.0,32.333333333333336,1.0,1.0,0.010666666666666666,0.4403333333333333,0.19999999999999998,0.0,0.39799999999999996,0.243,0.08133333333333333,0.375,0.070469799,31.5,0.0
USER000075,0,高客单品质/闪购家庭党,2,4,1,44.3,0.6,0.2,5,221.5,32.333333333333336,1.0,1.0,0.010666666666666666,0.4403333333333333,0.19999999999999998,0.0,0.39799999999999996,0.243,0.08133333333333333,0.4,0.128668172,28.5,0.0
USER000076,0,高客单品质/闪购家庭党,1,2,0,25.33333333,1.0,0.666666667,3,76.0,32.333333333333336,1.0,1.0,0.010666666666666666,0.4403333333333333,0.19999999999999998,0.0,0.39799999999999996,0.243,0.08133333333333333,0.333333333,0.322368421,24.5,0.0
USER000077,0,高客单品质/闪购家庭党,2,5,2,23.0,0.714285714,0.428571429,7,161.0,32.333333333333336,1.0,1.0,0.010666666666666666,0.4403333333333333,0.19999999999999998,0.0,0.39799999999999996,0.243,0.08133333333333333,0.285714286,0.226708075,36.5,0.0
USER000078,0,高客单品质/闪购家庭党,2,4,1,38.0,0.8,0.2,5,190.0,32.333333333333336,1.0,1.0,0.010666666666666666,0.4403333333333333,0.19999999999999998,0.0,0.39799999999999996,0.243,0.08133333333333333,0.6,0.184210526,35.0,0.0
USER000079,1,极致神券外卖羊毛党,2,3,1,35.35714286,0.714285714,0.428571429,7,247.5,99.0,1.0,1.0,0.06533333333333334,0.164,0.2743333333333333,0.07066666666666667,0.7959999999999999,0.2836666666666667,0.06166666666666667,0.285714286,0.17979798,44.5,0.05466666666666666
USER000080,0,高客单品质/闪购家庭党,1,1,0,39.2,0.6,0.4,5,196.0,32.333333333333336,1.0,1.0,0.010666666666666666,0.4403333333333333,0.19999999999999998,0.0,0.39799999999999996,0.243,0.08133333333333333,0.2,0.112244898,22.0,0.0
USER000081,1,极致神券外卖羊毛党,0,2,0,19.66666667,0.666666667,0.333333333,3,59.0,99.0,1.0,1.0,0.06533333333333334,0.164,0.2743333333333333,0.07066666666666667,0.7959999999999999,0.2836666666666667,0.06166666666666667,0.333333333,0.296610169,17.5,0.05466666666666666
USER000082,1,极致神券外卖羊毛党,2,4,1,18.25,0.5,0.5,4,73.0,99.0,1.0,1.0,0.06533333333333334,0.164,0.2743333333333333,0.07066666666666667,0.7959999999999999,0.2836666666666667,0.06166666666666667,0.0,0.246575342,18.0,0.05466666666666666
USER000083,2,线下到店体验/价格钝感党,2,6,2,145.5,0.25,0.25,4,582.0,70.0,1.0,1.0,0.0,0.171,0.043,0.029,0.0,0.129,0.486,0.0,0.018900344,11.0,0.0
USER000085,1,极致神券外卖羊毛党,2,3,1,66.21428571,0.571428571,0.285714286,7,463.5,99.0,1.0,1.0,0.06533333333333334,0.164,0.2743333333333333,0.07066666666666667,0.7959999999999999,0.2836666666666667,0.06166666666666667,0.285714286,0.087378641,40.5,0.05466666666666666
USER000086,1,极致神券外卖羊毛党,2,4,1,43.3,1.0,0.6,5,216.5,99.0,1.0,1.0,0.06533333333333334,0.164,0.2743333333333333,0.07066666666666667,0.7959999999999999,0.2836666666666667,0.06166666666666667,0.4,0.210161663,45.5,0.05466666666666666
USER000087,3,早午餐刚需/免费白嫖党,1,2,0,28.33333333,1.0,0.0,3,85.0,14.0,1.0,0.0,0.0,0.143,0.071,0.143,0.357,0.0,0.0,1.0,0.258823529,22.0,0.0
USER000088,3,早午餐刚需/免费白嫖党,2,5,2,51.64285714,0.857142857,0.142857143,7,361.5,14.0,1.0,0.0,0.0,0.143,0.071,0.143,0.357,0.0,0.0,0.714285714,0.163208852,59.0,0.0
USER000089,2,线下到店体验/价格钝感党,2,4,1,31.33333333,0.333333333,0.166666667,6,188.0,70.0,1.0,1.0,0.0,0.171,0.043,0.029,0.0,0.129,0.486,0.166666667,0.063829787,12.0,0.0
USER000090,2,线下到店体验/价格钝感党,2,3,1,42.75,0.5,0.333333333,6,256.5,70.0,1.0,1.0,0.0,0.171,0.043,0.029,0.0,0.129,0.486,0.166666667,0.081871345,21.0,0.0
USER000091,0,高客单品质/闪购家庭党,1,1,0,33.1,0.8,0.4,5,165.5,32.333333333333336,1.0,1.0,0.010666666666666666,0.4403333333333333,0.19999999999999998,0.0,0.39799999999999996,0.243,0.08133333333333333,0.4,0.160120846,26.5,0.0
USER000092,3,早午餐刚需/免费白嫖党,0,2,0,218.0,0.333333333,0.0,3,654.0,14.0,1.0,0.0,0.0,0.143,0.071,0.143,0.357,0.0,0.0,0.333333333,0.009938838,6.5,0.0
USER000093,1,极致神券外卖羊毛党,2,4,2,41.5,0.75,0.25,4,166.0,99.0,1.0,1.0,0.06533333333333334,0.164,0.2743333333333333,0.07066666666666667,0.7959999999999999,0.2836666666666667,0.06166666666666667,0.5,0.135542169,22.5,0.05466666666666666
USER000094,2,线下到店体验/价格钝感党,2,6,3,29.0,0.5,0.25,4,116.0,70.0,1.0,1.0,0.0,0.171,0.043,0.029,0.0,0.129,0.486,0.25,0.142241379,16.5,0.0
USER000096,0,高客单品质/闪购家庭党,2,3,1,54.75,0.833333333,0.333333333,6,328.5,32.333333333333336,1.0,1.0,0.010666666666666666,0.4403333333333333,0.19999999999999998,0.0,0.39799999999999996,0.243,0.08133333333333333,0.5,0.124809741,41.0,0.0
USER000097,1,极致神券外卖羊毛党,1,1,0,32.5,0.6,0.6,5,162.5,99.0,1.0,1.0,0.06533333333333334,0.164,0.2743333333333333,0.07066666666666667,0.7959999999999999,0.2836666666666667,0.06166666666666667,0.0,0.150769231,24.5,0.05466666666666666
USER000098,0,高客单品质/闪购家庭党,0,2,0,50.5,0.666666667,0.333333333,3,151.5,32.333333333333336,1.0,1.0,0.010666666666666666,0.4403333333333333,0.19999999999999998,0.0,0.39799999999999996,0.243,0.08133333333333333,0.333333333,0.240924092,36.5,0.0
USER000099,1,极致神券外卖羊毛党,1,2,1,27.25,0.5,0.5,2,54.5,99.0,1.0,1.0,0.06533333333333334,0.164,0.2743333333333333,0.07066666666666667,0.7959999999999999,0.2836666666666667,0.06166666666666667,0.0,0.174311927,9.5,0.05466666666666666
USER000100,3,早午餐刚需/免费白嫖党,2,6,1,52.25,0.5,0.166666667,6,313.5,14.0,1.0,0.0,0.0,0.143,0.071,0.143,0.357,0.0,0.0,0.333333333,0.076555024,24.0,0.0
USER000102,3,早午餐刚需/免费白嫖党,2,3,1,92.58333333,0.833333333,0.0,6,555.5,14.0,1.0,0.0,0.0,0.143,0.071,0.143,0.357,0.0,0.0,0.833333333,0.056705671,31.5,0.0
USER000103,0,高客单品质/闪购家庭党,2,4,2,63.75,0.75,0.25,4,255.0,32.333333333333336,1.0,1.0,0.010666666666666666,0.4403333333333333,0.19999999999999998,0.0,0.39799999999999996,0.243,0.08133333333333333,0.5,0.105882353,27.0,0.0
USER000104,0,高客单品质/闪购家庭党,1,2,0,86.33333333,0.333333333,0.0,3,259.0,32.333333333333336,1.0,1.0,0.010666666666666666,0.4403333333333333,0.19999999999999998,0.0,0.39799999999999996,0.243,0.08133333333333333,0.333333333,0.021235521,5.5,0.0
USER000105,0,高客单品质/闪购家庭党,2,5,2,26.28571429,0.714285714,0.571428571,7,184.0,32.333333333333336,1.0,1.0,0.010666666666666666,0.4403333333333333,0.19999999999999998,0.0,0.39799999999999996,0.243,0.08133333333333333,0.142857143,0.14673913,27.0,0.0
USER000106,1,极致神券外卖羊毛党,2,4,1,71.91666667,0.666666667,0.5,6,431.5,99.0,1.0,1.0,0.06533333333333334,0.164,0.2743333333333333,0.07066666666666667,0.7959999999999999,0.2836666666666667,0.06166666666666667,0.166666667,0.060254925,26.0,0.05466666666666666
USER000107,3,早午餐刚需/免费白嫖党,2,3,1,37.5,1.0,0.25,4,150.0,14.0,1.0,0.0,0.0,0.143,0.071,0.143,0.357,0.0,0.0,0.75,0.236666667,35.5,0.0
USER000108,1,极致神券外卖羊毛党,1,1,0,48.9,0.4,0.4,5,244.5,99.0,1.0,1.0,0.06533333333333334,0.164,0.2743333333333333,0.07066666666666667,0.7959999999999999,0.2836666666666667,0.06166666666666667,0.0,0.09406953,23.0,0.05466666666666666
USER000109,2,线下到店体验/价格钝感党,0,2,0,44.33333333,0.333333333,0.0,3,133.0,70.0,1.0,1.0,0.0,0.171,0.043,0.029,0.0,0.129,0.486,0.333333333,0.060150376,8.0,0.0
USER000110,3,早午餐刚需/免费白嫖党,1,2,1,35.75,1.0,0.0,2,71.5,14.0,1.0,0.0,0.0,0.143,0.071,0.143,0.357,0.0,0.0,1.0,0.433566434,31.0,0.0
USER000111,1,极致神券外卖羊毛党,2,6,1,30.78571429,0.571428571,0.285714286,7,215.5,99.0,1.0,1.0,0.06533333333333334,0.164,0.2743333333333333,0.07066666666666667,0.7959999999999999,0.2836666666666667,0.06166666666666667,0.285714286,0.116009281,25.0,0.05466666666666666
USER000112,3,早午餐刚需/免费白嫖党,1,4,3,25.0,1.0,0.0,1,25.0,14.0,1.0,0.0,0.0,0.143,0.071,0.143,0.357,0.0,0.0,1.0,0.22,5.5,0.0
USER000113,1,极致神券外卖羊毛党,2,3,1,26.875,0.5,0.5,4,107.5,99.0,1.0,1.0,0.06533333333333334,0.164,0.2743333333333333,0.07066666666666667,0.7959999999999999,0.2836666666666667,0.06166666666666667,0.0,0.139534884,15.0,0.05466666666666666
USER000114,3,早午餐刚需/免费白嫖党,2,4,3,35.875,0.75,0.25,4,143.5,14.0,1.0,0.0,0.0,0.143,0.071,0.143,0.357,0.0,0.0,0.5,0.18815331,27.0,0.0
USER000115,2,线下到店体验/价格钝感党,1,2,0,19.5,0.333333333,0.333333333,3,58.5,70.0,1.0,1.0,0.0,0.171,0.043,0.029,0.0,0.129,0.486,0.0,0.051282051,3.0,0.0
USER000116,0,高客单品质/闪购家庭党,2,5,2,91.08333333,0.833333333,0.0,6,546.5,32.333333333333336,1.0,1.0,0.010666666666666666,0.4403333333333333,0.19999999999999998,0.0,0.39799999999999996,0.243,0.08133333333333333,0.833333333,0.100640439,55.0,0.0
USER000117,1,极致神券外卖羊毛党,2,4,3,49.08333333,0.833333333,0.5,6,294.5,99.0,1.0,1.0,0.06533333333333334,0.164,0.2743333333333333,0.07066666666666667,0.7959999999999999,0.2836666666666667,0.06166666666666667,0.333333333,0.106960951,31.5,0.05466666666666666
USER000118,1,极致神券外卖羊毛党,2,3,1,26.25,1.0,0.75,4,105.0,99.0,1.0,1.0,0.06533333333333334,0.164,0.2743333333333333,0.07066666666666667,0.7959999999999999,0.2836666666666667,0.06166666666666667,0.25,0.295238095,31.0,0.05466666666666666
USER000119,1,极致神券外卖羊毛党,1,1,0,100.25,0.5,0.5,4,401.0,99.0,1.0,1.0,0.06533333333333334,0.164,0.2743333333333333,0.07066666666666667,0.7959999999999999,0.2836666666666667,0.06166666666666667,0.0,0.021197007,8.5,0.05466666666666666
USER000120,3,早午餐刚需/免费白嫖党,0,2,0,48.33333333,1.0,0.0,3,145.0,14.0,1.0,0.0,0.0,0.143,0.071,0.143,0.357,0.0,0.0,1.0,0.231034483,33.5,0.0
USER000121,3,早午餐刚需/免费白嫖党,1,2,1,34.75,1.0,0.0,2,69.5,14.0,1.0,0.0,0.0,0.143,0.071,0.143,0.357,0.0,0.0,1.0,0.273381295,19.0,0.0
USER000122,2,线下到店体验/价格钝感党,2,6,1,82.0625,0.5,0.375,8,656.5,70.0,1.0,1.0,0.0,0.171,0.043,0.029,0.0,0.129,0.486,0.125,0.042650419,28.0,0.0
USER000123,1,极致神券外卖羊毛党,1,4,1,23.0,1.0,1.0,1,23.0,99.0,1.0,1.0,0.06533333333333334,0.164,0.2743333333333333,0.07066666666666667,0.7959999999999999,0.2836666666666667,0.06166666666666667,0.0,0.195652174,4.5,0.05466666666666666
USER000124,0,高客单品质/闪购家庭党,2,3,1,37.625,0.75,0.25,4,150.5,32.333333333333336,1.0,1.0,0.010666666666666666,0.4403333333333333,0.19999999999999998,0.0,0.39799999999999996,0.243,0.08133333333333333,0.5,0.189368771,28.5,0.0
USER000125,3,早午餐刚需/免费白嫖党,1,1,0,27.5,0.75,0.25,4,110.0,14.0,1.0,0.0,0.0,0.143,0.071,0.143,0.357,0.0,0.0,0.5,0.295454545,32.5,0.0
USER000126,0,高客单品质/闪购家庭党,0,2,0,45.33333333,0.666666667,0.333333333,3,136.0,32.333333333333336,1.0,1.0,0.010666666666666666,0.4403333333333333,0.19999999999999998,0.0,0.39799999999999996,0.243,0.08133333333333333,0.333333333,0.058823529,8.0,0.0
USER000127,2,线下到店体验/价格钝感党,1,3,1,9.0,0.0,0.0,1,9.0,70.0,1.0,1.0,0.0,0.171,0.043,0.029,0.0,0.129,0.486,0.0,0.0,0.0,0.0
USER000128,0,高客单品质/闪购家庭党,2,6,1,43.875,0.625,0.125,8,351.0,32.333333333333336,1.0,1.0,0.010666666666666666,0.4403333333333333,0.19999999999999998,0.0,0.39799999999999996,0.243,0.08133333333333333,0.5,0.102564103,36.0,0.0
USER000129,0,高客单品质/闪购家庭党,2,4,1,52.25,1.0,0.5,4,209.0,32.333333333333336,1.0,1.0,0.010666666666666666,0.4403333333333333,0.19999999999999998,0.0,0.39799999999999996,0.243,0.08133333333333333,0.5,0.122009569,25.5,0.0
USER000130,3,早午餐刚需/免费白嫖党,2,3,1,21.66666667,0.666666667,0.0,3,65.0,14.0,1.0,0.0,0.0,0.143,0.071,0.143,0.357,0.0,0.0,0.666666667,0.230769231,15.0,0.0
USER000131,2,线下到店体验/价格钝感党,1,1,0,37.625,0.25,0.0,4,150.5,70.0,1.0,1.0,0.0,0.171,0.043,0.029,0.0,0.129,0.486,0.25,0.046511628,7.0,0.0
USER000132,2,线下到店体验/价格钝感党,0,2,0,17.5,0.333333333,0.0,3,52.5,70.0,1.0,1.0,0.0,0.171,0.043,0.029,0.0,0.129,0.486,0.333333333,0.180952381,9.5,0.0
USER000133,1,极致神券外卖羊毛党,1,3,1,26.5,1.0,1.0,1,26.5,99.0,1.0,1.0,0.06533333333333334,0.164,0.2743333333333333,0.07066666666666667,0.7959999999999999,0.2836666666666667,0.06166666666666667,0.0,0.41509434,11.0,0.05466666666666666
USER000134,2,线下到店体验/价格钝感党,2,6,3,41.07142857,0.428571429,0.285714286,7,287.5,70.0,1.0,1.0,0.0,0.171,0.043,0.029,0.0,0.129,0.486,0.142857143,0.073043478,21.0,0.0
USER000135,0,高客单品质/闪购家庭党,2,4,1,100.2,0.6,0.2,5,501.0,32.333333333333336,1.0,1.0,0.010666666666666666,0.4403333333333333,0.19999999999999998,0.0,0.39799999999999996,0.243,0.08133333333333333,0.4,0.037924152,19.0,0.0
USER000136,1,极致神券外卖羊毛党,1,3,1,29.75,1.0,1.0,2,59.5,99.0,1.0,1.0,0.06533333333333334,0.164,0.2743333333333333,0.07066666666666667,0.7959999999999999,0.2836666666666667,0.06166666666666667,0.0,0.151260504,9.0,0.05466666666666666
USER000137,2,线下到店体验/价格钝感党,1,1,0,32.75,0.25,0.25,4,131.0,70.0,1.0,1.0,0.0,0.171,0.043,0.029,0.0,0.129,0.486,0.0,0.091603053,12.0,0.0
USER000138,1,极致神券外卖羊毛党,0,2,0,77.0,0.666666667,0.333333333,3,231.0,99.0,1.0,1.0,0.06533333333333334,0.164,0.2743333333333333,0.07066666666666667,0.7959999999999999,0.2836666666666667,0.06166666666666667,0.333333333,0.0995671,23.0,0.05466666666666666
USER000139,2,线下到店体验/价格钝感党,1,3,1,203.0,0.0,0.0,1,203.0,70.0,1.0,1.0,0.0,0.171,0.043,0.029,0.0,0.129,0.486,0.0,0.0,0.0,0.0
USER000140,0,高客单品质/闪购家庭党,2,6,3,64.14285714,0.714285714,0.285714286,7,449.0,32.333333333333336,1.0,1.0,0.010666666666666666,0.4403333333333333,0.19999999999999998,0.0,0.39799999999999996,0.243,0.08133333333333333,0.428571429,0.079064588,35.5,0.0
USER000141,0,高客单品质/闪购家庭党,2,4,1,46.9,0.8,0.2,5,234.5,32.333333333333336,1.0,1.0,0.010666666666666666,0.4403333333333333,0.19999999999999998,0.0,0.39799999999999996,0.243,0.08133333333333333,0.6,0.157782516,37.0,0.0
USER000142,1,极致神券外卖羊毛党,1,3,1,28.75,1.0,0.5,2,57.5,99.0,1.0,1.0,0.06533333333333334,0.164,0.2743333333333333,0.07066666666666667,0.7959999999999999,0.2836666666666667,0.06166666666666667,0.5,0.2,11.5,0.05466666666666666
USER000143,1,极致神券外卖羊毛党,2,4,1,44.5,0.6,0.6,5,222.5,99.0,1.0,1.0,0.06533333333333334,0.164,0.2743333333333333,0.07066666666666667,0.7959999999999999,0.2836666666666667,0.06166666666666667,0.0,0.08988764,20.0,0.05466666666666666
USER000144,1,极致神券外卖羊毛党,1,2,0,14.66666667,0.666666667,0.333333333,3,44.0,99.0,1.0,1.0,0.06533333333333334,0.164,0.2743333333333333,0.07066666666666667,0.7959999999999999,0.2836666666666667,0.06166666666666667,0.333333333,0.204545455,9.0,0.05466666666666666
USER000145,0,高客单品质/闪购家庭党,2,5,2,151.25,0.666666667,0.5,6,907.5,32.333333333333336,1.0,1.0,0.010666666666666666,0.4403333333333333,0.19999999999999998,0.0,0.39799999999999996,0.243,0.08133333333333333,0.166666667,0.030853994,28.0,0.0
USER000146,1,极致神券外卖羊毛党,2,4,1,51.75,0.833333333,0.333333333,6,310.5,99.0,1.0,1.0,0.06533333333333334,0.164,0.2743333333333333,0.07066666666666667,0.7959999999999999,0.2836666666666667,0.06166666666666667,0.5,0.1352657,42.0,0.05466666666666666
USER000147,2,线下到店体验/价格钝感党,0,2,1,29.75,0.5,0.0,2,59.5,70.0,1.0,1.0,0.0,0.171,0.043,0.029,0.0,0.129,0.486,0.5,0.134453782,8.0,0.0
USER000148,3,早午餐刚需/免费白嫖党,1,1,0,65.75,0.5,0.0,4,263.0,14.0,1.0,0.0,0.0,0.143,0.071,0.143,0.357,0.0,0.0,0.5,0.049429658,13.0,0.0
USER000149,0,高客单品质/闪购家庭党,0,2,0,19.33333333,0.666666667,0.666666667,3,58.0,32.333333333333336,1.0,1.0,0.010666666666666666,0.4403333333333333,0.19999999999999998,0.0,0.39799999999999996,0.243,0.08133333333333333,0.0,0.232758621,13.5,0.0
USER000150,2,线下到店体验/价格钝感党,1,2,1,18.0,0.0,0.0,1,18.0,70.0,1.0,1.0,0.0,0.171,0.043,0.029,0.0,0.129,0.486,0.0,0.0,0.0,0.0
USER000151,0,高客单品质/闪购家庭党,2,6,3,44.0,0.8,0.4,5,220.0,32.333333333333336,1.0,1.0,0.010666666666666666,0.4403333333333333,0.19999999999999998,0.0,0.39799999999999996,0.243,0.08133333333333333,0.4,0.165909091,36.5,0.0
USER000152,0,高客单品质/闪购家庭党,2,4,1,31.33333333,0.5,0.333333333,6,188.0,32.333333333333336,1.0,1.0,0.010666666666666666,0.4403333333333333,0.19999999999999998,0.0,0.39799999999999996,0.243,0.08133333333333333,0.166666667,0.119680851,22.5,0.0
USER000153,3,早午餐刚需/免费白嫖党,0,2,1,38.75,1.0,0.0,2,77.5,14.0,1.0,0.0,0.0,0.143,0.071,0.143,0.357,0.0,0.0,1.0,0.180645161,14.0,0.0
USER000154,3,早午餐刚需/免费白嫖党,1,2,1,35.33333333,1.0,0.333333333,3,106.0,14.0,1.0,0.0,0.0,0.143,0.071,0.143,0.357,0.0,0.0,0.666666667,0.103773585,11.0,0.0
USER000155,2,线下到店体验/价格钝感党,1,2,0,22.16666667,0.333333333,0.333333333,3,66.5,70.0,1.0,1.0,0.0,0.171,0.043,0.029,0.0,0.129,0.486,0.0,0.22556391,15.0,0.0
USER000156,1,极致神券外卖羊毛党,2,5,3,48.58333333,0.666666667,0.333333333,6,291.5,99.0,1.0,1.0,0.06533333333333334,0.164,0.2743333333333333,0.07066666666666667,0.7959999999999999,0.2836666666666667,0.06166666666666667,0.333333333,0.135506003,39.5,0.05466666666666666
USER000157,0,高客单品质/闪购家庭党,2,4,1,25.375,0.5,0.0,8,203.0,32.333333333333336,1.0,1.0,0.010666666666666666,0.4403333333333333,0.19999999999999998,0.0,0.39799999999999996,0.243,0.08133333333333333,0.5,0.179802956,36.5,0.0
USER000158,2,线下到店体验/价格钝感党,0,2,1,66.25,0.0,0.0,2,132.5,70.0,1.0,1.0,0.0,0.171,0.043,0.029,0.0,0.129,0.486,0.0,0.0,0.0,0.0
USER000159,0,高客单品质/闪购家庭党,1,1,0,28.25,0.5,0.25,4,113.0,32.333333333333336,1.0,1.0,0.010666666666666666,0.4403333333333333,0.19999999999999998,0.0,0.39799999999999996,0.243,0.08133333333333333,0.25,0.154867257,17.5,0.0
USER000160,3,早午餐刚需/免费白嫖党,0,2,0,21.66666667,0.333333333,0.0,3,65.0,14.0,1.0,0.0,0.0,0.143,0.071,0.143,0.357,0.0,0.0,0.333333333,0.138461538,9.0,0.0
USER000161,2,线下到店体验/价格钝感党,1,2,1,8.0,0.0,0.0,1,8.0,70.0,1.0,1.0,0.0,0.171,0.043,0.029,0.0,0.129,0.486,0.0,0.0,0.0,0.0
USER000162,1,极致神券外卖羊毛党,2,6,3,38.6,1.0,0.4,5,193.0,99.0,1.0,1.0,0.06533333333333334,0.164,0.2743333333333333,0.07066666666666667,0.7959999999999999,0.2836666666666667,0.06166666666666667,0.6,0.202072539,39.0,0.05466666666666666
USER000163,0,高客单品质/闪购家庭党,2,4,1,34.58333333,0.666666667,0.333333333,6,207.5,32.333333333333336,1.0,1.0,0.010666666666666666,0.4403333333333333,0.19999999999999998,0.0,0.39799999999999996,0.243,0.08133333333333333,0.333333333,0.154216867,32.0,0.0
USER000164,3,早午餐刚需/免费白嫖党,0,2,1,65.75,0.5,0.0,2,131.5,14.0,1.0,0.0,0.0,0.143,0.071,0.143,0.357,0.0,0.0,0.5,0.091254753,12.0,0.0
USER000165,0,高客单品质/闪购家庭党,1,1,0,54.125,0.75,0.0,4,216.5,32.333333333333336,1.0,1.0,0.010666666666666666,0.4403333333333333,0.19999999999999998,0.0,0.39799999999999996,0.243,0.08133333333333333,0.75,0.212471132,46.0,0.0
USER000166,1,极致神券外卖羊毛党,0,2,0,118.0,0.666666667,0.333333333,3,354.0,99.0,1.0,1.0,0.06533333333333334,0.164,0.2743333333333333,0.07066666666666667,0.7959999999999999,0.2836666666666667,0.06166666666666667,0.333333333,0.049435028,17.5,0.05466666666666666
USER000167,2,线下到店体验/价格钝感党,1,2,1,198.75,0.0,0.0,2,397.5,70.0,1.0,1.0,0.0,0.171,0.043,0.029,0.0,0.129,0.486,0.0,0.0,0.0,0.0
USER000168,3,早午餐刚需/免费白嫖党,2,6,3,76.8,0.8,0.2,5,384.0,14.0,1.0,0.0,0.0,0.143,0.071,0.143,0.357,0.0,0.0,0.6,0.104166667,40.0,0.0
USER000169,0,高客单品质/闪购家庭党,2,4,1,51.91666667,0.5,0.166666667,6,311.5,32.333333333333336,1.0,1.0,0.010666666666666666,0.4403333333333333,0.19999999999999998,0.0,0.39799999999999996,0.243,0.08133333333333333,0.333333333,0.086677368,27.0,0.0
USER000170,3,早午餐刚需/免费白嫖党,0,2,1,32.25,1.0,0.0,2,64.5,14.0,1.0,0.0,0.0,0.143,0.071,0.143,0.357,0.0,0.0,1.0,0.131782946,8.5,0.0
USER000171,2,线下到店体验/价格钝感党,1,1,0,69.125,0.25,0.25,4,276.5,70.0,1.0,1.0,0.0,0.171,0.043,0.029,0.0,0.129,0.486,0.0,0.021699819,6.0,0.0
USER000172,3,早午餐刚需/免费白嫖党,0,2,0,23.33333333,0.666666667,0.0,3,70.0,14.0,1.0,0.0,0.0,0.143,0.071,0.143,0.357,0.0,0.0,0.666666667,0.435714286,30.5,0.0
USER000173,0,高客单品质/闪购家庭党,1,3,1,482.5,1.0,0.0,2,965.0,32.333333333333336,1.0,1.0,0.010666666666666666,0.4403333333333333,0.19999999999999998,0.0,0.39799999999999996,0.243,0.08133333333333333,1.0,0.034715026,33.5,0.0
USER000174,0,高客单品质/闪购家庭党,2,6,3,49.6,0.4,0.2,5,248.0,32.333333333333336,1.0,1.0,0.010666666666666666,0.4403333333333333,0.19999999999999998,0.0,0.39799999999999996,0.243,0.08133333333333333,0.2,0.074596774,18.5,0.0
USER000175,3,早午餐刚需/免费白嫖党,2,4,1,75.83333333,0.666666667,0.166666667,6,455.0,14.0,1.0,0.0,0.0,0.143,0.071,0.143,0.357,0.0,0.0,0.5,0.09010989,41.0,0.0
USER000176,1,极致神券外卖羊毛党,0,3,1,42.25,0.5,0.5,2,84.5,99.0,1.0,1.0,0.06533333333333334,0.164,0.2743333333333333,0.07066666666666667,0.7959999999999999,0.2836666666666667,0.06166666666666667,0.0,0.053254438,4.5,0.05466666666666666
USER000177,2,线下到店体验/价格钝感党,1,1,0,15.875,0.25,0.0,4,63.5,70.0,1.0,1.0,0.0,0.171,0.043,0.029,0.0,0.129,0.486,0.25,0.283464567,18.0,0.0
USER000178,2,线下到店体验/价格钝感党,0,2,0,88.66666667,0.666666667,0.0,3,266.0,70.0,1.0,1.0,0.0,0.171,0.043,0.029,0.0,0.129,0.486,0.666666667,0.033834586,9.0,0.0
USER000179,1,极致神券外卖羊毛党,1,3,1,27.25,0.5,0.5,2,54.5,99.0,1.0,1.0,0.06533333333333334,0.164,0.2743333333333333,0.07066666666666667,0.7959999999999999,0.2836666666666667,0.06166666666666667,0.0,0.082568807,4.5,0.05466666666666666
USER000180,0,高客单品质/闪购家庭党,2,6,3,45.9,0.6,0.0,5,229.5,32.333333333333336,1.0,1.0,0.010666666666666666,0.4403333333333333,0.19999999999999998,0.0,0.39799999999999996,0.243,0.08133333333333333,0.6,0.154684096,35.5,0.0
USER000181,1,极致神券外卖羊毛党,2,4,1,27.0,0.75,0.5,4,108.0,99.0,1.0,1.0,0.06533333333333334,0.164,0.2743333333333333,0.07066666666666667,0.7959999999999999,0.2836666666666667,0.06166666666666667,0.25,0.194444444,21.0,0.05466666666666666
USER000182,2,线下到店体验/价格钝感党,2,3,1,102.8333333,0.333333333,0.0,3,308.5,70.0,1.0,1.0,0.0,0.171,0.043,0.029,0.0,0.129,0.486,0.333333333,0.017828201,5.5,0.0
USER000183,1,极致神券外卖羊毛党,2,2,1,61.0,0.666666667,0.333333333,3,183.0,99.0,1.0,1.0,0.06533333333333334,0.164,0.2743333333333333,0.07066666666666667,0.7959999999999999,0.2836666666666667,0.06166666666666667,0.333333333,0.081967213,15.0,0.05466666666666666
USER000184,0,高客单品质/闪购家庭党,1,2,0,26.5,0.666666667,0.333333333,3,79.5,32.333333333333336,1.0,1.0,0.010666666666666666,0.4403333333333333,0.19999999999999998,0.0,0.39799999999999996,0.243,0.08133333333333333,0.333333333,0.27672956,22.0,0.0
USER000185,0,高客单品质/闪购家庭党,2,5,3,59.58333333,0.833333333,0.333333333,6,357.5,32.333333333333336,1.0,1.0,0.010666666666666666,0.4403333333333333,0.19999999999999998,0.0,0.39799999999999996,0.243,0.08133333333333333,0.5,0.142657343,51.0,0.0
USER000186,0,高客单品质/闪购家庭党,2,4,1,39.21428571,0.857142857,0.285714286,7,274.5,32.333333333333336,1.0,1.0,0.010666666666666666,0.4403333333333333,0.19999999999999998,0.0,0.39799999999999996,0.243,0.08133333333333333,0.571428571,0.187613843,51.5,0.0
USER000187,0,高客单品质/闪购家庭党,2,3,1,205.3333333,0.666666667,0.333333333,3,616.0,32.333333333333336,1.0,1.0,0.010666666666666666,0.4403333333333333,0.19999999999999998,0.0,0.39799999999999996,0.243,0.08133333333333333,0.333333333,0.021915584,13.5,0.0
USER000188,1,极致神券外卖羊毛党,1,1,0,26.75,0.75,0.5,4,107.0,99.0,1.0,1.0,0.06533333333333334,0.164,0.2743333333333333,0.07066666666666667,0.7959999999999999,0.2836666666666667,0.06166666666666667,0.25,0.252336449,27.0,0.05466666666666666
USER000189,2,线下到店体验/价格钝感党,0,2,0,18.33333333,0.0,0.0,3,55.0,70.0,1.0,1.0,0.0,0.171,0.043,0.029,0.0,0.129,0.486,0.0,0.0,0.0,0.0
USER000190,0,高客单品质/闪购家庭党,2,3,1,60.25,0.75,0.25,4,241.0,32.333333333333336,1.0,1.0,0.010666666666666666,0.4403333333333333,0.19999999999999998,0.0,0.39799999999999996,0.243,0.08133333333333333,0.5,0.091286307,22.0,0.0
USER000191,3,早午餐刚需/免费白嫖党,2,6,3,95.2,0.8,0.2,5,476.0,14.0,1.0,0.0,0.0,0.143,0.071,0.143,0.357,0.0,0.0,0.6,0.078781513,37.5,0.0
USER000192,0,高客单品质/闪购家庭党,2,4,1,56.66666667,0.555555556,0.222222222,9,510.0,32.333333333333336,1.0,1.0,0.010666666666666666,0.4403333333333333,0.19999999999999998,0.0,0.39799999999999996,0.243,0.08133333333333333,0.333333333,0.101960784,52.0,0.0
USER000193,2,线下到店体验/价格钝感党,1,3,1,75.0,0.0,0.0,2,150.0,70.0,1.0,1.0,0.0,0.171,0.043,0.029,0.0,0.129,0.486,0.0,0.0,0.0,0.0
USER000194,0,高客单品质/闪购家庭党,2,2,1,59.625,0.75,0.0,4,238.5,32.333333333333336,1.0,1.0,0.010666666666666666,0.4403333333333333,0.19999999999999998,0.0,0.39799999999999996,0.243,0.08133333333333333,0.75,0.119496855,28.5,0.0
USER000195,1,极致神券外卖羊毛党,1,2,0,35.16666667,0.666666667,0.333333333,3,105.5,99.0,1.0,1.0,0.06533333333333334,0.164,0.2743333333333333,0.07066666666666667,0.7959999999999999,0.2836666666666667,0.06166666666666667,0.333333333,0.123222749,13.0,0.05466666666666666
USER000196,2,线下到店体验/价格钝感党,2,5,3,56.5,0.4,0.2,5,282.5,70.0,1.0,1.0,0.0,0.171,0.043,0.029,0.0,0.129,0.486,0.2,0.051327434,14.5,0.0
USER000197,0,高客单品质/闪购家庭党,2,4,1,39.64285714,0.857142857,0.285714286,7,277.5,32.333333333333336,1.0,1.0,0.010666666666666666,0.4403333333333333,0.19999999999999998,0.0,0.39799999999999996,0.243,0.08133333333333333,0.571428571,0.167567568,46.5,0.0
USER000198,1,极致神券外卖羊毛党,1,3,1,11.75,0.5,0.5,2,23.5,99.0,1.0,1.0,0.06533333333333334,0.164,0.2743333333333333,0.07066666666666667,0.7959999999999999,0.2836666666666667,0.06166666666666667,0.0,0.255319149,6.0,0.05466666666666666
USER000199,2,线下到店体验/价格钝感党,1,1,0,57.625,0.25,0.25,4,230.5,70.0,1.0,1.0,0.0,0.171,0.043,0.029,0.0,0.129,0.486,0.0,0.021691974,5.0,0.0
USER000200,1,极致神券外卖羊毛党,0,2,0,28.33333333,0.333333333,0.333333333,3,85.0,99.0,1.0,1.0,0.06533333333333334,0.164,0.2743333333333333,0.07066666666666667,0.7959999999999999,0.2836666666666667,0.06166666666666667,0.0,0.035294118,3.0,0.05466666666666666
